202611,"2021-08-10 12:50:18","2021-08-10 12:50:21",200,"{""data_failed"":[],""message"":""Success""}","2021-08-10 12:50:28",Update
202613,"2021-08-10 12:40:56","2021-08-10 12:40:58",200,"{""data_failed"":[],""message"":""Success""}","2021-08-10 12:41:19",Update
202030,"2021-08-10 12:50:13","2021-08-10 12:50:16",200,"{""data_failed"":[],""message"":""Success""}","2021-08-10 12:50:25",Update
202112,"2021-08-10 12:48:37","2021-08-10 12:48:49",200,"{""data_failed"":[],""message"":""Success""}","2021-08-10 12:49:02",Update
202005,"2021-08-10 12:49:38","2021-08-10 12:49:41",200,"{""data_failed"":[],""message"":""Success""}","2021-08-10 12:49:53",Update
202611,"2021-08-11 13:30:37","2021-08-11 13:30:40",200,"{""data_failed"":[],""message"":""Success""}","2021-08-11 13:30:51",Update
202613,"2021-08-11 13:30:22","2021-08-11 13:30:29",200,"{""data_failed"":[],""message"":""Success""}","2021-08-11 13:30:41",Update
202030,"2021-08-11 13:30:32","2021-08-11 13:30:35",200,"{""data_failed"":[],""message"":""Success""}","2021-08-11 13:30:44",Update
202112,"2021-08-11 13:30:17","2021-08-11 13:30:19",200,"{""data_failed"":[],""message"":""Success""}","2021-08-11 13:30:32",Update
202005,"2021-08-11 13:30:27","2021-08-11 13:30:30",200,"{""data_failed"":[],""message"":""Success""}","2021-08-11 13:30:40",Update
